{
    "require_version" : "4.0.1",
    "directory": [],
    "sql_file": "",
    "files": [
      {
          "root_directory"    : "update/update_4.1/application/views/frontend/default/my_courses.php",
          "update_directory"  : "application/views/frontend/default/my_courses.php"
      },
      {
          "root_directory"    : "update/update_4.1/application/views/mobile/payment_gateway.php",
          "update_directory"  : "application/views/mobile/payment_gateway.php"
      }
    ]
  }
